doc_id,cos_sim,count
5a902c96410cf7000162d96f,0.07906875759363176,2.0
5a902c94410cf7000162d96e,0.023224133998155594,2.0
5a902c8b410cf7000162d96b,0.033520929515361786,2.0
5a902c90410cf7000162d96d,0.002423010766506195,2.0
5a902c90410cf7000162d96c,0.09747330099344254,2.0
5a901075410cf7000162d90d,0.11293075606226921,2.0
5a8fe663410cf7000162d87b,0.09991540014743805,2.0
5a8ef0a7410cf7000162d627,0.08762279897928238,2.0
5a8ed490410cf7000162d5be,0.041537344455718994,2.0
5a8d898e410cf7000162d235,0.06577836722135544,2.0
5a8d4342410cf7000162d149,0.03463775664567946,2.0
5a8c9fad410cf7000162d008,-0.007690325379371643,2.0
5a8c0dcd410cf7000162ce34,0.017474062740802765,2.0
5a8bf1c7410cf7000162cdda,0.049757808446884155,2.0
5a86f208410cf7000162c5bd,0.0011768639087677002,2.0
5a86f208410cf7000162c5be,0.17931672930717468,2.0
5a86f206410cf7000162c5bc,0.044918209314346313,2.0
5a86d5f9410cf7000162c57a,-0.005464822053909302,2.0
5a86d5f7410cf7000162c579,-0.032056748867034926,2.0
5a86d067410cf7000162c56a,0.15561093389987946,2.0
5a86abd5410cf7000162c4e8,0.19151724874973297,2.0
5a86abca410cf7000162c4e1,0.19751865044236183,2.0
5a863033410cf7000162c3de,0.02494082227349281,2.0
5a85dc81410cf7000162c303,-0.004417192190885544,2.0
5a8592d2410cf7000162c1f8,-0.044733334332704544,2.0
5a84694a410cf7000162bedd,0.010512053966522217,2.0
5a82d34ed4211f00015c0a02,0.06492952071130276,2.0
5a8165c5d4211f00015c063a,0.004432496149092913,2.0
5a7e237847de81a901208767,-0.006487555801868439,2.0
5a7dd476d4211f00015c0496,0.06705963052809238,2.0
5a7db790d4211f00015c0430,0.02813182771205902,2.0
5a7db78ed4211f00015c042e,0.0531902052462101,2.0
5a7db78ed4211f00015c042f,0.14526274055242538,2.0
5a7db777d4211f00015c042d,0.012996142730116844,2.0
5a7d9b6cd4211f00015c03e5,0.08104396983981133,2.0
5a7d7132d4211f00015c0362,-0.016641918569803238,2.0
5a7c6605d4211f00015c008f,0.052495941519737244,2.0
5a7b1483d4211f00015bfc8f,0.11396636068820953,2.0
5a7ace53d4211f00015bfbae,0.06183904409408569,2.0
5a79da93d4211f00015bf92f,0.12461557611823082,2.0
5a79d110d4211f00015bf912,0.051669767126441,2.0
5a749138d4211f00015befdf,0.003359997645020485,2.0
5a748507d4211f00015befb7,0.1147056296467781,2.0
5a747d0cd4211f00015bef9e,0.0905941091477871,2.0
5a747d0cd4211f00015bef9d,0.006029263138771057,2.0
5a7460ebd4211f00015bef54,-0.04224609583616257,2.0
5a7452e4d4211f00015bef32,-0.06904550641775131,2.0
5a7436d7d4211f00015beee6,0.19011101126670837,2.0
5a738bc4d4211f00015bed65,-0.05197079107165338,2.0
5a732a8bd4211f00015bec02,-0.016249969601631165,2.0
5a72e53dd4211f00015beb0e,-0.05333593860268593,2.0
5a71fabed4211f00015be875,0.15712077915668488,2.0
5a71fa58d4211f00015be858,0.10633297078311443,2.0
5a71f7bcd4211f00015be779,-0.03109905496239662,2.0
5a71ebe6d4211f00015be359,-0.002786923199892044,2.0
5a6b428dd4211f00015bdaff,0.1823030710220337,2.0
5a6b428ad4211f00015bdafd,-0.06720111891627312,2.0
5a6b428cd4211f00015bdafe,-0.0281266700476408,2.0
5a6b266cd4211f00015bdaa6,0.13960570096969604,2.0
5a6b266dd4211f00015bdaa7,0.142421156167984,2.0
5a6b266cd4211f00015bdaa5,-0.0267215296626091,2.0
5a94b831410cf7000162e1ce,0.2650051563978195,2.0
5a94ac09410cf7000162e1b8,0.316034659743309,2.0
5a94a391410cf7000162e1a3,0.1874321922659874,2.0
5a94943f410cf7000162e17b,0.1608528085052967,2.0
5a9481ef410cf7000162e13b,0.35367748886346817,2.0
5a945580410cf7000162e0fb,0.30254586040973663,2.0
5a943269410cf7000162e08c,0.29420484602451324,2.0
5a9427df410cf7000162e05b,0.07264444231987,2.0
5a940c79410cf7000162e012,0.19447039440274239,2.0
5a939870410cf7000162def5,0.23484420403838158,2.0
5a936cb0410cf7000162deb6,0.12818846851587296,2.0
5a93641c410cf7000162deac,0.426285769790411,2.0
5a9362b0410cf7000162deaa,0.17439356073737144,2.0
5a9356f1410cf7000162de9a,0.21602889150381088,2.0
5a93546d410cf7000162de96,0.08057401701807976,2.0
5a934f1d410cf7000162de8a,0.243984654545784,2.0
5a93446f410cf7000162de7e,0.13401505164802074,2.0
5a9322ef410cf7000162de4e,0.033580219373106956,2.0
5a93161c410cf7000162de36,0.16730479523539543,2.0
5a931469410cf7000162de33,0.22601450979709622,2.0
5a91d86f410cf7000162dcb1,0.3546381741762161,2.0
5a91c390410cf7000162dc9e,0.39871665835380554,2.0
5a918796410cf7000162dc33,0.11686412245035172,2.0
5a90b235410cf7000162db24,0.2362757846713066,2.0
5a90b15d410cf7000162db21,0.38990532979369164,2.0
5a90a586410cf7000162db0e,0.0716979168355465,2.0
5a90a38b410cf7000162db09,0.08797374740242958,2.0
5a909c3b410cf7000162daf9,-0.020653214305639267,2.0
5a909ad9410cf7000162daf1,0.11908885836601257,2.0
5a9094c9410cf7000162dae3,0.09269732981920242,2.0
5a908e62410cf7000162daca,0.28657375276088715,2.0
5a907933410cf7000162da97,0.19390014186501503,2.0
5a906b2f410cf7000162da6a,0.17383048683404922,2.0
5a905974410cf7000162da2e,0.08243764564394951,2.0
5a905016410cf7000162da0e,0.22761935740709305,2.0
5a904ed1410cf7000162da0b,0.18038097023963928,2.0
5a904d78410cf7000162da03,0.2862808592617512,2.0
5a904bc1410cf7000162d9fb,0.29976169392466545,2.0
5a90472c410cf7000162d9eb,0.24176856875419617,2.0
5a904563410cf7000162d9e3,0.052469030022621155,2.0
5a901e83410cf7000162d93b,0.11233936622738838,2.0
5a901e73410cf7000162d93a,0.10035812109708786,2.0
5a90173c410cf7000162d923,0.17097491212189198,2.0
5a8fe675410cf7000162d887,0.09224392287433147,2.0
5a8fddc2410cf7000162d856,0.27726274356245995,2.0
5a8fca2d410cf7000162d82c,0.06908717378973961,2.0
5a8f7bb3410cf7000162d78b,0.2633691877126694,2.0
5a8f6587410cf7000162d767,0.39107903838157654,2.0
5a8f5ffe410cf7000162d75e,0.19137811660766602,2.0
5a8f4082410cf7000162d70f,0.45496365427970886,2.0
5a8f2b3a410cf7000162d6d9,0.22049883753061295,2.0
5a8f2448410cf7000162d6ca,0.2869488559663296,2.0
5a8f11d1410cf7000162d69d,0.3659057319164276,2.0
5a8f0e70410cf7000162d698,0.050709137693047523,2.0
5a8f0b2e410cf7000162d68d,0.10213257372379303,2.0
5a8ee596410cf7000162d5ff,0.06256172806024551,2.0
5a8ede31410cf7000162d5e2,0.17126547545194626,2.0
5a8ecd1c410cf7000162d59a,0.08249090425670147,2.0
5a8eb979410cf7000162d561,0.16338028758764267,2.0
5a8ea418410cf7000162d524,0.32066233456134796,2.0
5a8e9890410cf7000162d4fd,0.24080586433410645,2.0
5a8e94c6410cf7000162d4e6,0.23007173091173172,2.0
5a8e9471410cf7000162d4e2,0.17244072258472443,2.0
5a8e040b410cf7000162d3a5,0.25925394892692566,2.0
5a8df9f8410cf7000162d38f,0.3167382627725601,2.0
5a8ded35410cf7000162d365,0.23870877921581268,2.0
5a8deaa4410cf7000162d363,0.23188070952892303,2.0
5a8dcb06410cf7000162d2fd,0.15969990566372871,2.0
5a8dc601410cf7000162d2f1,0.10208992473781109,2.0
5a8dba74410cf7000162d2cb,0.021171219646930695,2.0
5a94c904410cf7000162e1e9,0.12698518484830856,2.0
5a94c64c410cf7000162e1e5,0.07415258884429932,2.0
5a94807b410cf7000162e135,0.15039601176977158,2.0
5a947ef1410cf7000162e12a,0.12855886667966843,2.0
5a945bfb410cf7000162e10d,0.1054559238255024,2.0
5a944da4410cf7000162e0e6,0.21452273428440094,2.0
5a944d22410cf7000162e0e4,0.031240839511156082,2.0
5a944cda410cf7000162e0e3,0.0029259398579597543,2.0
5a944356410cf7000162e0c8,0.035003289580345154,2.0
5a944204410cf7000162e0c3,-0.012991078197956099,2.0
5a93b0ca410cf7000162df25,0.04625284671783447,2.0
5a93a27f410cf7000162df09,-0.08029810711741446,2.0
5a937d9c410cf7000162dec0,-0.06826271861791611,2.0
5a93783d410cf7000162debc,0.12957710027694702,2.0
5a9374ca410cf7000162debb,0.023470826447010047,2.0
5a930e79410cf7000162de2e,0.02339005470275879,2.0
5a9301af410cf7000162de1a,0.02472371608018875,2.0
5a92e562410cf7000162ddea,0.008170444518327706,2.0
5a92dd9e410cf7000162ddd9,0.01892104744911193,2.0
5a92dd89410cf7000162ddd8,0.26066580414772034,2.0
5a92a552410cf7000162dd97,0.11027558147907257,2.0
5a9250fe410cf7000162dd44,-0.04006221331655979,2.0
5a91e83b410cf7000162dcc8,0.09041858464479446,2.0
5a91967c410cf7000162dc4d,0.05388061702251434,2.0
5a915d5c410cf7000162dbfd,0.0626722164452076,2.0
5a90ff7d410cf7000162db8c,0.1336214542388916,2.0
5a909af5410cf7000162daf2,0.07173784077167511,2.0
5a908377410cf7000162dab3,0.16731034219264984,2.0
5a907aae410cf7000162da9a,-0.036602385342121124,2.0
5a9072bd410cf7000162da7e,0.010779380798339844,2.0
5a90713a410cf7000162da78,0.1256477553397417,2.0
5a905b9a410cf7000162da37,0.0827405545860529,2.0
5a9057fd410cf7000162da2b,0.015410076826810837,2.0
5a905074410cf7000162da10,-0.1128674354404211,2.0
5a904b32410cf7000162d9f7,0.016921691596508026,2.0
5a904036410cf7000162d9c8,0.08715888485312462,2.0
5a901d97410cf7000162d938,-0.02348166704177857,2.0
5a901511410cf7000162d91c,0.1485290098935366,2.0
5a8ff449410cf7000162d8b9,0.0875776968896389,2.0
5a8fe65c410cf7000162d878,0.03901228308677673,2.0
5a8f3fa0410cf7000162d70c,0.25122129172086716,2.0
5a8ebee2410cf7000162d574,0.09586268663406372,2.0
5a8eb0e9410cf7000162d54e,-0.14380436949431896,2.0
5a8e930e410cf7000162d4d9,0.13311713188886642,2.0
5a8e5c7f410cf7000162d462,-0.02212917944416404,2.0
5a8e4e9c410cf7000162d437,0.16575855761766434,2.0
5a8e4e66410cf7000162d433,0.12653382867574692,2.0
5a8e461c410cf7000162d42c,0.11656220443546772,2.0
5a8e2ed3410cf7000162d408,-0.05498790182173252,2.0
5a8ddeaa410cf7000162d342,-0.07127886638045311,2.0
5a8dcb00410cf7000162d2fc,-0.003439847379922867,2.0
5a8dc6fb410cf7000162d2f6,0.28906264901161194,2.0
5a8dc025410cf7000162d2e3,0.0669302586466074,2.0
5a8dbfac410cf7000162d2de,0.08085021376609802,2.0
5a8da95f410cf7000162d29e,-0.06573660299181938,2.0
5a8d7b76410cf7000162d1fe,0.019384266808629036,2.0
5a8d4145410cf7000162d141,0.24270502477884293,2.0
5a8d0af2410cf7000162d0c0,-0.14239513501524925,2.0
5a8cfcb3410cf7000162d0aa,-0.007314495742321021,2.0
5a8cdd3e410cf7000162d07f,0.11319267377257347,2.0
5a8cdd3f410cf7000162d080,0.012264426797628403,2.0
5a8cdd3d410cf7000162d07e,0.03203121200203895,2.0
5a8caab8410cf7000162d025,0.13725098222494125,2.0
5a8c97f0410cf7000162cff3,0.009905815124511719,2.0
5a8c8b85410cf7000162cfc6,-0.01376084983348845,2.0
5a8c856a410cf7000162cfb0,0.09753155708312988,2.0
5a8c76a1410cf7000162cf93,0.038910387083888054,2.0
5a8c74ab410cf7000162cf91,-0.04764331504702568,2.0
5a8c6bd7410cf7000162cf77,0.057499125599861145,2.0
5a8c5f9e410cf7000162cf53,0.015868004411458973,2.0
5a94ad23410cf7000162e1ba,0.1540117710828781,2.0
5a934cf1410cf7000162de87,0.16655533760786057,2.0
5a934cf1410cf7000162de88,0.29610782861709595,2.0
5a91c31a410cf7000162dc9d,0.21654613316059115,2.0
5a91bd58410cf7000162dc91,0.04442042112350464,2.0
5a90ca92410cf7000162db41,0.2302929908037186,2.0
5a90a7e5410cf7000162db15,0.23532913625240326,2.0
5a8f64ec410cf7000162d766,0.3350185230374336,2.0
5a8f5864410cf7000162d750,0.18632815033197403,2.0
5a8e27eb410cf7000162d3fa,0.34396909177303314,2.0
5a8e06e7410cf7000162d3b1,0.2111625298857689,2.0
5a8cc69c410cf7000162d059,0.331538662314415,2.0
5a8cc284410cf7000162d053,0.22330056130886078,2.0
5a8b7863410cf7000162ccf8,0.15256528183817863,2.0
5a8a2885410cf7000162caad,0.24671673774719238,2.0
5a8a2818410cf7000162caac,0.06075285002589226,2.0
5a8882d2410cf7000162c8be,0.1644614040851593,2.0
5a8774ee410cf7000162c750,0.3163875639438629,2.0
5a863968410cf7000162c3eb,0.3464265540242195,2.0
5a86217f410cf7000162c3b5,0.22468315064907074,2.0
5a84dc30410cf7000162c024,0.2204931080341339,2.0
5a84da04410cf7000162c020,0.1015516221523285,2.0
5a84d99a410cf7000162c01e,0.32575486972928047,2.0
5a84c4db410cf7000162c001,0.25143396854400635,2.0
5a839b53410cf7000162bc66,0.2741512060165405,2.0
5a832694d4211f00015c0b31,-0.03909028694033623,2.0
5a827d0ed4211f00015c0923,0.20688344165682793,2.0
5a8246cbd4211f00015c08c7,0.15018963441252708,2.0
5a823455d4211f00015c08a0,0.28695832192897797,2.0
5a80e09bd4211f00015c0561,0.2847627718001604,2.0
5a80df4bd4211f00015c055e,0.2256777137517929,2.0
5a80a45647de81a9012094cb,0.26162154227495193,2.0
5a80a45247de81a9012094c7,0.25693459808826447,2.0
5a7f485a47de81a901208ec0,0.1667250394821167,2.0
5a7f485c47de81a901208ec4,0.06688069365918636,2.0
5a7cfea3d4211f00015c0251,0.2930973470211029,2.0
5a7cf828d4211f00015c0247,0.24784266948699954,2.0
5a7ce29ad4211f00015c021d,0.13971547782421112,2.0
5a7baeb6d4211f00015bfe73,0.17152469791471958,2.0
5a7ba5e0d4211f00015bfe67,0.25738464295864105,2.0
5a7b4ea9d4211f00015bfd6a,0.39131273329257965,2.0
5a7a48efd4211f00015bfa7b,0.06913653761148453,2.0
5a7a479dd4211f00015bfa75,0.13405468687415123,2.0
5a78ef74d4211f00015bf6e0,0.19694715924561024,2.0
5a78bc13d4211f00015bf65a,0.05546673573553562,2.0
5a77b773d4211f00015bf409,0.17606386542320251,2.0
5a77b616d4211f00015bf408,0.11151203140616417,2.0
5a760dd2d4211f00015bf254,0.1693102791905403,2.0
5a760dbed4211f00015bf252,0.21467862278223038,2.0
5a751128d4211f00015bf146,0.2680819183588028,2.0
5a74f235d4211f00015bf119,0.2046176791191101,2.0
5a74414ad4211f00015bef03,0.2634812295436859,2.0
5a73b2d6d4211f00015bedd8,0.21953798085451126,2.0
5a73609fd4211f00015becdf,0.2621692344546318,2.0
5a726463d4211f00015bea10,0.2907802276313305,2.0
5a7210c4d4211f00015be8f0,0.18927998840808868,2.0
5a71f23dd4211f00015be5db,0.2946660593152046,2.0
5a71f17ed4211f00015be598,0.09593379497528076,2.0
5a71e9aad4211f00015be283,0.22319311648607254,2.0
5a71e9bcd4211f00015be289,0.1681949757039547,2.0
5a6e77a7d4211f00015bdf75,0.10103996098041533,2.0
5a6e7693d4211f00015bdf74,0.2360827624797821,2.0
5a6ccc5bd4211f00015bdda9,0.022693232633173466,2.0
5a6ccc53d4211f00015bdd9e,0.07466426491737366,2.0
5a6bd59cd4211f00015bdc8b,0.25934577733278275,2.0
5a6a6e6dd4211f00015bd8f9,0.20182232558727264,2.0
5a69db05d4211f00015bd723,0.21922709047794342,2.0
5a693e5fd4211f00015bd59f,0.23386064171791077,2.0
5a67e6c3d4211f00015bd30c,0.17593748122453692,2.0
5a67c898d4211f00015bd2da,0.27170391380786896,2.0
59fcc10595d0e0246f213df7,0.04237275570631027,2.0
59848cc995d0e0246f1fe24c,0.02893643081188202,2.0
592dc5f995d0e024b5873aec,0.10274266451597214,2.0
58e3609995d0e02489b950a0,0.05105243809521198,2.0
589e023f95d0e02474635ae0,0.11603643372654915,2.0
5894b2bc95d0e0392607e7de,-0.11458839103579521,2.0
581b774195d0e022439c6da0,0.042558327317237854,2.0
57aa04fb95d0e021d797ed61,0.12724634818732738,2.0
579ca6c938f0d83c0fcf7977,0.27615224570035934,2.0
5707731638f0d80c57595092,0.11802658066153526,2.0
570621a038f0d86865ca53c6,0.17324867844581604,2.0
56b4eb6438f0d86b498f9886,0.06037028878927231,2.0
56af2cbd38f0d82f06c0cdb0,0.19451870769262314,2.0
56ab61c038f0d83460bc7b56,0.29742152988910675,2.0
5697bce238f0d865e6c34bbc,0.19953934848308563,2.0
5633979838f0d85e68a21ce2,0.3352352976799011,2.0
562c60ec38f0d8106d9164d1,0.3653545454144478,2.0
562baacf38f0d870a430cf3b,0.16322187334299088,2.0
55b53a0338f0d8556445e74f,0.17216873914003372,2.0
552080eb38f0d8458a2ddaa0,0.3284178823232651,2.0
5520783d38f0d8458a2dda94,0.34109821915626526,2.0
55205e9f38f0d8458a2dda74,0.3365979939699173,2.0
55205c5238f0d8458a2dda72,0.32947057485580444,2.0
5482816e38f0d8403d9cc65b,0.11188286170363426,2.0
54535dad38f0d81b603ede10,0.23953810334205627,2.0
5411ac0138f0d869f5e8af49,0.05790045112371445,2.0
53dc0ded38f0d8555c69bb5b,0.21933073550462723,2.0
534834b238f0d85faac97bb1,0.09389009326696396,2.0
5345465738f0d84285f42d60,0.29005099833011627,2.0
534463d138f0d84285f42adf,0.27706079185009,2.0
55ad2db638f0d84cf5633bcb,0.28070081025362015,2.0
5342d9a438f0d8305f7418f8,0.2903251498937607,2.0
530fe71b38f0d82dfa20415e,0.21678078174591064,2.0
52f534eb38f0d823a37dd5a4,0.12161403894424437,2.0
57d6e5b995d0e021d7985c4f,0.1668764464557171,2.0
569faa6938f0d85519ba7d3a,0.24581715837121007,2.0
56995bc238f0d86a572ec05b,0.27297674119472504,2.0
565c3d6438f0d81f86d4e44a,0.29893841594457626,2.0
54ebd59738f0d87adf6b3d0f,0.3300558850169182,2.0
5355abc538f0d86e6b5570c9,0.3026116415858269,2.0
52d45f5b38f0d82fe60bbefc,0.18968506902456284,2.0
52af9e1838f0d804c251c847,0.23585360497236252,2.0
52aa351f38f0d822c183febb,0.3128432631492615,2.0
51390b5acf28d04ae000034e,0.17797940224409103,2.0
50ed290300315214fbb832d2,0.1490844488143921,2.0
50eaf55400315214fbb82cea,0.3147640898823738,2.0
50cb9bdb00315214fbb7f6d5,0.2020595520734787,2.0
50b507b600315214fbb7c19c,0.15782475098967552,2.0
53f7ca4138f0d835538dc2f4,0.12989449501037598,2.0
4fd2a7cd8eb7c8105d8916cb,0.25565868616104126,2.0
4fd2baaa8eb7c8105d8b18b8,0.240977942943573,2.0
4fd2a7cd8eb7c8105d8916b9,0.23870967328548431,2.0
4fd299878eb7c8105d8778a4,0.21795927919447425,2.0
4fd2ace48eb7c8105d89a998,0.2565404921770096,2.0
4fd299838eb7c8105d87759b,0.19598699361085892,2.0
4fd2a9978eb7c8105d894ee3,0.16667276620864868,2.0
4fd2baa78eb7c8105d8b1685,0.10354528203606606,2.0
4fd2ae598eb7c8105d89ca32,0.19000982493162155,2.0
4fd2ae598eb7c8105d89ca21,0.279069971293211,2.0
4fd2bba98eb7c8105d8b1a8c,0.26962578296661377,2.0
4fd299838eb7c8105d8775f3,0.35938671231269836,2.0
4fd2bba88eb7c8105d8b1a20,0.16355238109827042,2.0
519ae3ef40e9ec457e2a2848,0.05624195374548435,2.0
519ae3f040e9ec457e2a2849,0.12550086341798306,2.0
519ae3e340e9ec457e2a2846,0.25190988183021545,2.0
519ae3f540e9ec457e2a284d,0.17278754711151123,2.0
519992e040e9ec457e2a245f,0.22558364272117615,2.0
5198409740e9ec457e2a22b5,0.281597264111042,2.0
5196efaf40e9ec457e2a2101,0.268734447658062,2.0
5196f10540e9ec457e2a2112,0.14368819631636143,2.0
5196eff540e9ec457e2a2107,0.2462533861398697,2.0
5196f0bc40e9ec457e2a2111,0.16229617595672607,2.0
51959e2440e9ec457e2a1d41,0.1265647318214178,2.0
51959e0e40e9ec457e2a1d3e,0.2808123677968979,2.0
51959e1340e9ec457e2a1d3f,0.31566852517426014,2.0
51959e3740e9ec457e2a1d45,0.07790481299161911,2.0
51944c4840e9ec457e2a1928,0.17310257256031036,2.0
51944c2840e9ec457e2a191e,0.2952231429517269,2.0
51944c5e40e9ec457e2a1930,0.23557792603969574,2.0
51944c2740e9ec457e2a191d,0.22601088881492615,2.0
5192fb3e40e9ec457e2a1478,0.22094955295324326,2.0
5192fb5c40e9ec457e2a1486,0.14232993125915527,2.0
5192fb6640e9ec457e2a148a,0.21246657520532608,2.0
5192fb8f40e9ec457e2a14ab,0.10854033008217812,2.0
5192fb9640e9ec457e2a14b0,0.3152407184243202,2.0
5192fb5740e9ec457e2a1482,0.17989377863705158,2.0
5191a96b40e9ec457e2a10c3,0.13683733344078064,2.0
5191a91840e9ec457e2a1099,0.130650594830513,2.0
5191a93b40e9ec457e2a10a5,0.16541071236133575,2.0
5191a94540e9ec457e2a10a9,0.26621314883232117,2.0
5191a93f40e9ec457e2a10a7,0.21541450172662735,2.0
5191a92840e9ec457e2a10a1,0.24612589180469516,2.0
5191a91a40e9ec457e2a109b,0.0797516480088234,2.0
5190d60340e9ec457e2a0adb,0.05696906894445419,2.0
5190d60940e9ec457e2a0ae7,0.15211621671915054,2.0
5190d60940e9ec457e2a0ae8,0.25035378336906433,2.0
5190d61340e9ec457e2a0b01,0.015073191374540329,2.0
5190d60440e9ec457e2a0adc,0.20995813608169556,2.0
5190d60440e9ec457e2a0add,0.28734704852104187,2.0
5190d60840e9ec457e2a0ae4,0.15895231813192368,2.0
5190d60740e9ec457e2a0ae2,0.1849268153309822,2.0
5190d2d140e9ec457e2a08e6,0.17252809554338455,2.0
5190d2d140e9ec457e2a08e8,0.129741370677948,2.0
5190d2da40e9ec457e2a08fd,0.2373906522989273,2.0
5190d2d840e9ec457e2a08f8,0.01799963414669037,2.0
5190d2d840e9ec457e2a08f9,0.24090756475925446,2.0
518c63a040e9ec62dc0d2197,0.11356187611818314,2.0
518c636440e9ec62dc0d218c,0.20337346196174622,2.0
518c63cd40e9ec62dc0d21ad,0.10042883455753326,2.0
518c635640e9ec61754431a6,-0.008381791412830353,2.0
518c636d40e9ec61754431ac,0.18557235226035118,2.0
518c63cf40e9ec61754431cb,0.09255752712488174,2.0
518c636640e9ec61754431aa,0.11634738370776176,2.0
518c63a140e9ec61754431b6,0.24880362674593925,2.0
518b11ebcf28d05efe001afa,0.17783509194850922,2.0
518b1203cf28d05efe001b02,0.12838617525994778,2.0
518b11e2cf28d05efe001af8,0.16588209941983223,2.0
518b1200cf28d05efe001b00,0.18368393182754517,2.0
518b11e0cf28d05efe001af6,0.1132267490029335,2.0
5189c0a4cf28d05efe00164f,0.20823898166418076,2.0
5189c077cf28d05efe001635,0.23715662956237793,2.0
5189c089cf28d05efe00163b,0.27923472970724106,2.0
5189c0a0cf28d05efe00164b,0.2200298234820366,2.0
5189c07dcf28d05efe001636,0.22138753533363342,2.0
5189c09acf28d05efe001645,0.19246168434619904,2.0
5189c0a2cf28d05efe00164d,0.062424186617136,2.0
51886e99cf28d05efe00124e,0.15135623514652252,2.0
51886eb9cf28d05efe001266,0.07653850317001343,2.0
51886e92cf28d05efe00124a,0.264246329665184,2.0
51886ebfcf28d05efe00126b,0.22412990778684616,2.0
51886ed5cf28d05efe001270,0.08706395328044891,2.0
51886ebccf28d05efe001268,0.013437729328870773,2.0
5a8212f7d4211f00015c0851,0.09641123563051224,2.0
5a5e706d95d0e0110c1a4dcd,0.052495047450065606,2.0
5a3181af95d0e0246f21beff,0.08563259243965149,2.0
5a3010aa95d0e0246f21bb18,-0.13448935747146606,2.0
5a300f7595d0e0246f21bb14,0.30387698113918304,2.0
5a2f023795d0e0246f21b875,-0.07885204488411546,2.0
5a29b72295d0e0246f21add5,0.02690814808011055,2.0
5a271a4195d0e0246f21a63f,0.3339686095714569,2.0
5a0b52b195d0e0246f215c54,-0.04922440648078918,2.0
5a02666195d0e0246f214893,-0.00854361429810524,2.0
59fc81bd95d0e0246f213d09,0.059819431975483894,2.0
59fa1be895d0e0246f21369c,0.11371305584907532,2.0
59f9e0f695d0e0246f2135b9,0.11827855184674263,2.0
59e12be095d0e0246f20ff99,0.03195618651807308,2.0
5a94ba54410cf7000162e1d2,0.22013796120882034,2.0
5a94af9a410cf7000162e1c0,0.19940491765737536,2.0
5a94aeb8410cf7000162e1be,0.3517818748950958,2.0
5a94a205410cf7000162e19f,0.4156215190887451,2.0
5a949125410cf7000162e170,0.17813731729984283,2.0
5a9482b9410cf7000162e13e,0.3846758157014847,2.0
5a943bd8410cf7000162e0a9,0.21114248037338257,2.0
5a942b12410cf7000162e068,0.28088659048080444,2.0
5a94094e410cf7000162e00d,0.22433878481388092,2.0
5a9407c5410cf7000162e009,0.06506884098052976,2.0
5a94000e410cf7000162dff9,0.17656907439231873,2.0
5a93f591410cf7000162dfdd,0.056376583874225616,2.0
5a93f212410cf7000162dfce,0.09662918746471405,2.0
5a93f1b9410cf7000162dfcc,0.33709119260311127,2.0
5a93ecfd410cf7000162dfb9,0.2517523095011711,2.0
5a93e839410cf7000162dfa9,0.11340470612049103,2.0
5a93e3d7410cf7000162df9c,0.1870514079928398,2.0
5a935c65410cf7000162dea1,0.028158798813819913,2.0
5a935b1e410cf7000162dea0,0.16241633892059326,2.0
5a933e89410cf7000162de72,0.13770940154790878,2.0
5a933be2410cf7000162de6e,0.17314402759075165,2.0
5a93283c410cf7000162de53,0.3036777973175049,2.0
5a93093a410cf7000162de22,0.31830552220344543,2.0
5a92f60e410cf7000162de0d,0.22990285605192184,2.0
5a92eb6f410cf7000162ddf7,0.29523514211177826,2.0
5a92c912410cf7000162ddbc,0.3148229569196701,2.0
5a92c34a410cf7000162ddb6,0.23062236234545708,2.0
5a92b1f2410cf7000162dd9e,0.2943485528230667,2.0
5a9283c0410cf7000162dd6e,0.06087708845734596,2.0
5a91bcb8410cf7000162dc89,0.26260338723659515,2.0
5a91af46410cf7000162dc7a,0.15188576467335224,2.0
5a91a08f410cf7000162dc64,0.24512118846178055,2.0
5a919a25410cf7000162dc58,0.21893896907567975,2.0
5a91991e410cf7000162dc54,0.21394374221563336,2.0
5a919152410cf7000162dc45,0.3818664103746414,2.0
5a918608410cf7000162dc30,0.34167495369911194,2.0
5a916dc0410cf7000162dc0e,0.2753414362668991,2.0
5a916060410cf7000162dc01,0.42318033427000046,2.0
5a914740410cf7000162dbe2,0.2072615846991539,2.0
5a9137c0410cf7000162dbcd,0.23009801656007767,2.0
5a90b3f9410cf7000162db2a,0.25239433348178864,2.0
5a90b1a9410cf7000162db23,0.30637046694755554,2.0
5a90ab25410cf7000162db19,0.3477438688278198,2.0
5a90a655410cf7000162db0f,-0.01832304522395134,2.0
5a909816410cf7000162daeb,0.3017054349184036,2.0
5a908d84410cf7000162dac8,0.12565192393958569,2.0
5a907486410cf7000162da85,0.05075697787106038,2.0
5a906ad4410cf7000162da69,0.1647914256900549,2.0
5a903fcb410cf7000162d9c7,0.26710863411426544,2.0
5a90392d410cf7000162d9a7,0.2827891707420349,2.0
5a9037f8410cf7000162d9a3,0.19913356378674507,2.0
5a90338d410cf7000162d990,0.08871465921401978,2.0
5a900ad1410cf7000162d905,0.17584662884473803,2.0
5a900ab4410cf7000162d904,0.34373413026332855,2.0
5a8fe673410cf7000162d885,0.11522939801216125,2.0
5a8fe25c410cf7000162d861,0.13774674385786057,2.0
5a8fca0a410cf7000162d82b,0.20719362050294876,2.0
5a8fc7a7410cf7000162d826,0.25092706829309464,2.0
5a8fb13e410cf7000162d7ef,0.28452590107917786,2.0
5a8f9c63410cf7000162d7be,0.30099745094776154,2.0
5a8f8dda410cf7000162d7a6,0.21047397702932358,2.0
5a8f8291410cf7000162d797,0.32441170513629913,2.0
5a8f77e0410cf7000162d786,0.3950439691543579,2.0
5a8f6ce3410cf7000162d774,0.3144923746585846,2.0
5a8f5ab9410cf7000162d757,0.2557638920843601,2.0
5a8f5590410cf7000162d74a,0.31914080679416656,2.0
5a8f478c410cf7000162d723,0.31567681953310966,2.0
5a8f35df410cf7000162d6ee,0.2716928869485855,2.0
5a8f2c59410cf7000162d6db,0.07470084354281425,2.0
5a8f21b0410cf7000162d6c4,0.22985608130693436,2.0
5a32a83895d0e0246f21c6aa,0.19375008344650269,2.0
59cd684695d0e0246f20d039,0.25782664865255356,2.0
5999f20895d0e0246f200a73,0.21343672275543213,2.0
597f5f3195d0e0246f1fd53c,0.1175820380449295,2.0
5942ba4b95d0e024b5878354,0.24029775708913803,2.0
59366f2395d0e024b5874d9f,0.13518942147493362,2.0
5907a7e995d0e024b586e5b0,0.17203428223729134,2.0
5893d30295d0e0392607e589,0.25429634749889374,2.0
5830987395d0e039260717f6,0.1808353066444397,2.0
579c988638f0d83c0fcf796a,0.09912866353988647,2.0
57968b4c38f0d84855eae7f6,0.3416687250137329,2.0
576980f438f0d80acef16ee1,0.029025733470916748,2.0
5766872c38f0d86d6f5e7edc,0.13635713048279285,2.0
575720b938f0d8514b3cecb8,0.040748149156570435,2.0
56fe7e5a38f0d85faa67c72c,0.18635369837284088,2.0
56ebc39838f0d82753b974c9,0.04864392988383771,2.0
56e9dc5e38f0d80532440102,0.20167994126677513,2.0
56c630fa38f0d809a189bc25,0.21257456392049792,2.0
56a7dfaa38f0d85239f492fd,0.1303240768611431,2.0
569f68ba38f0d85519ba7c67,-0.013063855469226837,2.0
568afc5d38f0d85e74bd0b2b,0.14555758237838745,2.0
5681163638f0d86cf39b18a8,0.062054235488176346,2.0
567a153a38f0d87fff9c64ca,0.22987937182188034,2.0
564a869638f0d83ab2f5a464,-0.004027254879474626,2.0
562f94ab38f0d82f94187f87,0.20942336320877075,2.0
562e978f38f0d82f94187cba,0.1927781328558922,2.0
562e485f38f0d819004833bf,0.15813186019659042,2.0
5591ae7238f0d846820c7880,0.3465477377176285,2.0
5591afdf38f0d846820c7888,0.3241947889328003,2.0
5591aef638f0d846820c7884,0.3464884012937546,2.0
5591adfb38f0d846820c787e,0.3260219693183899,2.0
5591af8b38f0d846820c7886,0.32844609022140503,2.0
5591b01d38f0d846820c788a,0.11469768732786179,2.0
5591b06338f0d846820c788c,0.09291533380746841,2.0
558898d038f0d822a0da2b7d,0.25790492445230484,2.0
55859c1038f0d80882054038,0.23063212633132935,2.0
555b8d5938f0d82290bae570,0.20061755180358887,2.0
5a66fa2c95d0e0110c1a5dc6,0.314107209444046,2.0
5a52b52495d0e0110c1a351b,-0.1059246826916933,2.0
5a4f68c795d0e0110c1a3070,0.01791265606880188,2.0
5a3ada6895d0e0246f21d793,0.03382805734872819,2.0
58afef2895d0e02474638546,-0.027353947982192043,2.0
58ae6f0d95d0e02474638134,0.09111569449305534,2.0
5a8ff0ba410cf7000162d8ac,0.17323284596204758,2.0
5a8aaabb410cf7000162cb79,0.0959714874625206,2.0
5a85f596410cf7000162c325,0.3893969655036926,2.0
5a7f592947de81a901208f1a,0.0817270502448082,2.0
5a79d2efd4211f00015bf919,0.02283061295747757,2.0
5a6b8f6bd4211f00015bdbf8,0.20529892295598984,2.0
5a634d0495d0e0110c1a59ca,0.20257165282964706,2.0
5a5c8de495d0e0110c1a498d,0.18119049072265625,2.0
5a54df0595d0e0110c1a39ab,0.33357132971286774,2.0
5a54112e95d0e0110c1a380b,0.33530648052692413,2.0
5a4d552395d0e0110c1a2bdf,0.14934390038251877,2.0
5a4a98f795d0e0246f21ed18,0.03927052021026611,2.0
5a46782595d0e0246f21e920,0.06319897994399071,2.0
5a4578ac95d0e0246f21e772,0.03339478373527527,2.0
5a454d0495d0e0246f21e70e,0.14177175983786583,2.0
5a395f6795d0e0246f21d3c1,0.3523113876581192,2.0
5a395f5b95d0e0246f21d3c0,0.25825751572847366,2.0
5a395f5895d0e0246f21d3bf,0.3265121877193451,2.0
5a395f4895d0e0246f21d3be,0.29200436919927597,2.0
5a395f3d95d0e0246f21d3bd,0.34737803041934967,2.0
5a395f3595d0e0246f21d3bc,0.35551153123378754,2.0
5a395f2895d0e0246f21d3bb,0.3168221786618233,2.0
5a395eec95d0e0246f21d3b9,0.3140755444765091,2.0
5a395eec95d0e0246f21d3b8,0.42944760620594025,2.0
5a32ac2695d0e0246f21c6c1,0.2096352055668831,2.0
5a32a09c95d0e0246f21c67e,-0.0843009389936924,2.0
5a326ec895d0e0246f21c5b2,0.1332198716700077,2.0
5a3158cf95d0e0246f21be68,0.09965965896844864,2.0
5a2ec74e95d0e0246f21b6a4,0.32329440116882324,2.0
5a2b63fb95d0e0246f21b202,0.1359194591641426,2.0
5a1fdcf295d0e0246f2195fb,0.28401438146829605,2.0
5a1fd86e95d0e0246f2195ef,0.3038794845342636,2.0
5a1dbb4295d0e0246f218ff5,0.17134620249271393,2.0
5a18774495d0e0246f218747,0.05332101136445999,2.0
5a16141c95d0e0246f2182db,0.13056910783052444,2.0
5a0ebdd095d0e0246f217199,0.19678572565317154,2.0
5a077eff95d0e0246f2154af,0.13092314451932907,2.0
5a05ca5095d0e0246f215204,0.14819660782814026,2.0
5a0578ae95d0e0246f2150f0,0.04278649389743805,2.0
5a032adf95d0e0246f214a93,0.16338499635457993,2.0
5a00afb395d0e0246f214429,0.22069872915744781,2.0
59ffda3395d0e0246f21421b,0.3676556572318077,2.0
5a0361ab95d0e0246f214b64,0.1423068717122078,2.0
59f4ccd395d0e0246f212b55,0.30480343103408813,2.0
59f265fc95d0e0246f212662,0.16084247827529907,2.0
59f24c4795d0e0246f21261a,0.2601599097251892,2.0
59f1b0c495d0e0246f2123a5,0.2665209695696831,2.0
59eb923395d0e0246f2115fb,0.22293690592050552,2.0
59e4054a95d0e0246f210312,0.22422057017683983,2.0
59e080a795d0e0246f20fd28,0.045369308441877365,2.0
59dad88595d0e0246f20eeb5,0.2234681099653244,2.0
59d7d97795d0e0246f20e7b0,0.08887915685772896,2.0
59d6ca4795d0e0246f20e4d4,0.37274336814880366,2.0
59d52edc95d0e0246f20e07f,0.21844501048326492,2.0
59d2f76d95d0e0246f20dab4,0.3460008203983307,2.0
59cfbb9095d0e0246f20d529,-0.0407489538192749,2.0
59ceccf795d0e0246f20d41c,0.2275197058916092,2.0
59c9663e95d0e0246f20c487,0.22083210945129395,2.0
59c5800a95d0e0246f20bb8f,0.31688395887613297,2.0
59b78aef95d0e0246f205332,0.13386933505535126,2.0
59b4878295d0e0246f204177,0.21802183985710144,2.0
59b430e195d0e0246f2040ff,0.17707324400544167,2.0
5a94571b410cf7000162e100,0.2780279070138931,2.0
5a92cf15410cf7000162ddc6,0.19776693731546402,2.0
5a90557b410cf7000162da21,0.09950560703873634,2.0
5a86f744410cf7000162c5d0,0.13805611431598663,2.0
5a739a54d4211f00015bed9a,0.17001120373606682,2.0
5a69f4fdd4211f00015bd772,0.04536070302128792,2.0
5a67a9d1d4211f00015bd27f,0.17008481919765472,2.0
5a63be1595d0e0110c1a5a36,0.24960985034704208,2.0
5a62765095d0e0110c1a58d3,0.2785637229681015,2.0
5a5802ae95d0e0110c1a4222,0.2536837160587311,2.0
5a4c2b0895d0e0246f21ef5d,0.39595232903957367,2.0
4fd2414a8eb7c8105d7d9657,0.1954091228544712,2.0
4fd2414a8eb7c8105d7d9666,0.31596581637859344,2.0
4fd244358eb7c8105d7dddd9,0.07677928358316422,2.0
4fd25a6b8eb7c8105d807021,0.1950945258140564,2.0
4fd280958eb7c8105d84bcf3,0.041284024715423584,2.0
4fd280968eb7c8105d84bd07,0.1964784860610962,2.0
4fd2414a8eb7c8105d7d9649,-0.030241914093494415,2.0
4fd2414a8eb7c8105d7d9667,0.11157365888357162,2.0
4fd2a5688eb7c8105d88cc61,0.2734519839286804,2.0
4fd254e78eb7c8105d7fcf2a,0.05149466544389725,2.0
4fd2a5688eb7c8105d88cc44,0.008346013724803925,2.0
4fd2a5688eb7c8105d88cc6c,0.22774146497249603,2.0
4fd280968eb7c8105d84bd12,0.021197639405727386,2.0
4fd24a448eb7c8105d7e7e16,0.09202900528907776,2.0
4fd2a5688eb7c8105d88cc6f,0.21608100831508636,2.0
4fd2414a8eb7c8105d7d9650,0.22945447266101837,2.0
4fd2414a8eb7c8105d7d962d,0.14497733116149902,2.0
4fd2414a8eb7c8105d7d964b,0.05249069631099701,2.0
4fd249848eb7c8105d7e707c,0.07160072028636932,2.0
4fd2414a8eb7c8105d7d962e,0.1045411229133606,2.0
4fd2414a8eb7c8105d7d964c,0.07557987421751022,2.0
4fd280248eb7c8105d84b315,-0.05239952355623245,2.0
4fd2414a8eb7c8105d7d962f,0.10489196889102459,2.0
4fd244358eb7c8105d7dddde,0.21656955778598785,2.0
4fd2414a8eb7c8105d7d964e,0.23187190294265747,2.0
4fd254e78eb7c8105d7fcf26,0.16732214204967022,2.0
4fd25a6b8eb7c8105d807033,0.2751818150281906,2.0
4fd2414a8eb7c8105d7d9628,0.1178489401936531,2.0
4fd254e78eb7c8105d7fcf25,0.16098834574222565,2.0
4fd280958eb7c8105d84bcf1,0.13499631360173225,2.0
4fd280968eb7c8105d84bd09,-0.01828668639063835,2.0
4fd280958eb7c8105d84bcec,0.1654538344591856,2.0
4fd280958eb7c8105d84bcf2,0.053473323583602905,2.0
4fd2414a8eb7c8105d7d9629,0.18801525235176086,2.0
4fd25a6b8eb7c8105d80702b,0.12433810159564018,2.0
5a94d557410cf7000162e1f9,0.016610924154520035,2.0
5a943ded410cf7000162e0b7,0.13410992547869682,2.0
5a9432c2410cf7000162e08d,0.05731499940156938,2.0
5a942fc9410cf7000162e080,0.16012689098715782,2.0
5a93dac5410cf7000162df78,0.06473230943083763,2.0
5a931e01410cf7000162de42,0.21395745873451233,2.0
5a9065f8410cf7000162da59,0.18766078352928162,2.0
5a9059bc410cf7000162da31,0.14618859067559242,2.0
5a905034410cf7000162da0f,0.0824616849422455,2.0
5a9035e4410cf7000162d998,0.03600650653243065,2.0
5a8fe657410cf7000162d876,0.2734503298997879,2.0
5a8f5fc8410cf7000162d75c,0.32533615082502365,2.0
5a8f1396410cf7000162d6a1,0.1156013272702694,2.0
5a8ed684410cf7000162d5c3,0.08876395598053932,2.0
5a8dc1ef410cf7000162d2e6,0.07405832782387733,2.0
5a8d7b78410cf7000162d1ff,0.12633300572633743,2.0
5a8ca6e5410cf7000162d01c,0.08372536301612854,2.0
5a8b2f0e410cf7000162cc89,0.0536782331764698,2.0
5a8b017c410cf7000162cc3f,0.17206184938549995,2.0
5a8aa044410cf7000162cb5f,0.057992711663246155,2.0
5a8aa03c410cf7000162cb58,0.03780218958854675,2.0
5a882fb6410cf7000162c83e,0.15442480891942978,2.0
5a87315d410cf7000162c696,0.1293768770992756,2.0
5a872dc7410cf7000162c68c,0.3119209408760071,2.0
5a8713d3410cf7000162c63b,0.112087681889534,2.0
5a8621c1410cf7000162c3b6,0.17752476036548615,2.0
5a85bcb2410cf7000162c288,0.10004489868879318,2.0
5a85bca7410cf7000162c287,0.2978554517030716,2.0
5a85abab410cf7000162c23e,0.12414821609854698,2.0
5a84cc2a410cf7000162c00e,0.20348668843507767,2.0
5a84c9e0410cf7000162c00a,0.30053508281707764,2.0
5a8408da410cf7000162bd7c,0.08949851989746097,2.0
5a837c13410cf7000162bc28,0.17317206412553787,2.0
5a837c15410cf7000162bc29,0.09566450119018556,2.0
5a8360bb410cf7000162bbdf,0.08427703939378262,2.0
5a81d087d4211f00015c0780,0.0789837846532464,2.0
5a81ae62d4211f00015c0705,0.20285791158676147,2.0
5a8165afd4211f00015c0633,-0.0012198574841022491,2.0
5a8099b247de81a901209493,0.027956895530223846,2.0
5a80997547de81a90120931f,0.09849878400564194,2.0
5a7f34be47de81a901208e57,0.05659080483019352,2.0
5a7e212247de81a901208753,0.17112303897738457,2.0
5a7e109e47de81a9012086a7,0.17992155440151691,2.0
5a7df354d4211f00015c04f8,0.19803088158369067,2.0
5a7deb9dd4211f00015c04e4,0.25793252885341644,2.0
5a7da859d4211f00015c040a,0.28979988396167755,2.0
5a7cbcbed4211f00015c01b6,0.14268051087856293,2.0
5a7c9bbcd4211f00015c013f,0.08437209576368332,2.0
5a7b8489d4211f00015bfe0f,0.04148046672344208,2.0
5a7b5ab6d4211f00015bfd8e,0.20291822403669357,2.0
5a765b72d4211f00015bf299,0.25080786645412445,2.0
5a75e9fad4211f00015bf20a,0.10410299710929394,2.0
5a74f7e5d4211f00015bf125,0.25768473744392395,2.0
5a74bc84d4211f00015bf081,0.1526663675904274,2.0
5a748d68d4211f00015befd4,0.17038952559232712,2.0
5a7489f0d4211f00015befc3,0.12179113738238811,2.0
5a7436c6d4211f00015beed4,0.07198566012084484,2.0
5a7363d1d4211f00015bece7,0.23142150789499283,2.0
5a72e53fd4211f00015beb12,0.12777142971754074,2.0
5a7247eed4211f00015be9b6,0.08621493726968765,2.0
5a94cc6b410cf7000162e1ee,0.06592128053307533,2.0
5a94b61c410cf7000162e1cc,0.05294572189450264,2.0
5a94b277410cf7000162e1c7,0.0882177073508501,2.0
5a94a2f4410cf7000162e1a1,0.0064229704439640045,2.0
5a947ed5410cf7000162e121,-0.11005963012576103,2.0
5a947ef8410cf7000162e12d,0.30383168160915375,2.0
5a938d69410cf7000162ded8,-0.0018888115882873535,2.0
5a93786d410cf7000162debe,0.11298779770731926,2.0
5a934f65410cf7000162de8b,-0.00919700413942337,2.0
5a934c45410cf7000162de85,0.08919282257556915,2.0
5a92996f410cf7000162dd8a,0.08256734628230332,2.0
5a92815b410cf7000162dd6b,0.08200513571500778,2.0
5a9259c6410cf7000162dd4b,0.11830229451879859,2.0
5a921e04410cf7000162dd02,0.25950751081109047,2.0
5a91df9a410cf7000162dcbf,0.06706388294696808,2.0
5a91d273410cf7000162dcad,-0.016218488104641438,2.0
5a91c451410cf7000162dca1,0.03180144540965557,2.0
5a9145d6410cf7000162dbdd,0.36725254356861115,2.0
5a913851410cf7000162dbcf,0.1335589811205864,2.0
5a9137b2410cf7000162dbc6,0.08471670188009739,2.0
5a910331410cf7000162db96,0.3547664135694504,2.0
5a90f34c410cf7000162db77,0.2167494297027588,2.0
5a90e4e0410cf7000162db62,0.08840669319033623,2.0
5a90da44410cf7000162db56,0.13325085490942,2.0
5a90d33a410cf7000162db4e,0.006149157881736755,2.0
5a90c85b410cf7000162db3e,0.003958195447921753,2.0
5a90c32a410cf7000162db3b,-0.05133372358977795,2.0
5a9091b6410cf7000162dad5,0.29537293314933777,2.0
5a908f9e410cf7000162dace,0.10636961832642555,2.0
5a9084b3410cf7000162dab9,0.19115304201841354,2.0
5a907484410cf7000162da84,0.10128896124660967,2.0
5a906c45410cf7000162da6d,0.06357705499976873,2.0
5a905abe410cf7000162da35,-0.025518039241433144,2.0
5a904d3e410cf7000162da02,0.12084555625915527,2.0
5a90391b410cf7000162d9a6,0.14918143674731255,2.0
5a902e22410cf7000162d979,0.05347489565610887,2.0
5a900bd2410cf7000162d907,0.2290295884013176,2.0
5a8ffb0d410cf7000162d8d2,0.09098745509982109,2.0
5a8ff96f410cf7000162d8ce,0.2779545187950134,2.0
5a8ff85f410cf7000162d8c9,0.07667599618434906,2.0
5a8ff157410cf7000162d8b2,0.029597755521535866,2.0
5a8fc2eb410cf7000162d817,0.02368159219622612,2.0
5a8f5969410cf7000162d756,0.13876882195472717,2.0
5a8f5956410cf7000162d754,0.06271430104970932,2.0
5a8f2f63410cf7000162d6dd,0.15797152370214462,2.0
5a8f1d22410cf7000162d6ba,-0.04420420899987221,2.0
5a8f0111410cf7000162d661,0.08774526789784431,2.0
5a8eff0e410cf7000162d65f,0.0947118028998375,2.0
5a8efb28410cf7000162d650,0.15207160264253614,2.0
5a8e8c82410cf7000162d4ca,0.04656875133514404,2.0
5a8e8883410cf7000162d4c1,0.20737871807068586,2.0
5a8e87ac410cf7000162d4bc,0.046016946434974684,2.0
5a8e81b9410cf7000162d4ab,0.11790378391742706,2.0
5a8e801f410cf7000162d4a8,0.20683995634317398,2.0
5a8e5056410cf7000162d43d,0.12525241449475288,2.0
5a8e4e83410cf7000162d436,0.17232480645179749,2.0
5a8e4e68410cf7000162d434,0.09328210353851318,2.0
5a8e29cd410cf7000162d3fe,0.08043453469872475,2.0
5a8e178d410cf7000162d3d7,0.1693009026348591,2.0
5a8df535410cf7000162d37c,0.13561616092920303,2.0
5a8df2c5410cf7000162d375,0.05539686791598797,2.0
5a8ddc68410cf7000162d339,-0.07145285792648792,2.0
5a8ddabe410cf7000162d335,0.20695236325263977,2.0
5a8dc420410cf7000162d2ec,0.06346801668405533,2.0
5a8dc2b3410cf7000162d2e7,0.14295237511396408,2.0
5a8db675410cf7000162d2c3,0.18382363766431808,2.0
5a8da602410cf7000162d291,0.09171319380402565,2.0
5a8df66d410cf7000162d37d,0.13002314046025276,2.0
5a8c7bd4410cf7000162cf9e,0.280479833483696,2.0
5a82ef67d4211f00015c0a44,0.01458027958869934,2.0
5a7d7129d4211f00015c035c,0.16471116244792938,2.0
5a7d7126d4211f00015c0356,0.16805320978164673,2.0
5a7d7127d4211f00015c0358,0.15840774029493332,2.0
5a7d7127d4211f00015c0359,0.1556239053606987,2.0
5a7d7127d4211f00015c035a,0.15145666152238846,2.0
5a7d7126d4211f00015c0357,0.1449057087302208,2.0
5a7d7125d4211f00015c0355,0.1510947421193123,2.0
5a71f76bd4211f00015be766,0.35846538841724396,2.0
5a71e894d4211f00015be219,0.30801253020763397,2.0
5a53b2a295d0e0110c1a372b,-0.001284319907426834,2.0
5a50073595d0e0110c1a3230,0.10005620680749414,2.0
5a4c194f95d0e0246f21ef46,0.08839230425655842,2.0
5a04cb0895d0e0246f214f7d,0.32402724027633667,2.0
59fca83f95d0e0246f213d9d,0.15110858529806137,2.0
59fca83995d0e0246f213d9c,0.25479408353567123,2.0
59f7a1b395d0e0246f213021,0.3513422906398773,2.0
59e080a295d0e0246f20fd25,0.20283673703670502,2.0
59b71f9695d0e0246f205285,-0.011459492146968842,2.0
59b31bdd95d0e0246f203f9d,-0.037493184208869934,2.0
59b1d85695d0e0246f203c6c,0.13352274894714355,2.0
598a03ad95d0e0246f1feb9d,0.331119641661644,2.0
5972856a95d0e0246f1fbc22,0.3491607308387756,2.0
59446b9295d0e024b5878811,0.1446661576628685,2.0
594180af95d0e024b5877ff4,0.23886262625455856,2.0
59401e6195d0e024b5877c30,0.33574463427066803,2.0
5936e32595d0e024b5874f15,-0.05980922654271125,2.0
5919fad595d0e024b5870f02,0.22508210688829422,2.0
5913234495d0e024b586ffa8,0.07177850604057312,2.0
58f400e095d0e024b586bb40,0.29218119382858276,2.0
58d90fb795d0e02489b93633,0.0638405866920948,2.0
58af791a95d0e0247463845a,0.37497061491012573,2.0
58aefd3595d0e024746382b7,-0.006091561168432236,2.0
58984f1495d0e0392607ecf1,0.2913550138473511,2.0
586ecdd395d0e03926079380,-0.040135663002729416,2.0
5851f0e695d0e039260760f5,0.1600167229771614,2.0
585131c795d0e03926075e6f,0.25135527178645134,2.0
57fdfb9895d0e022439c2b57,-0.013916939496994019,2.0
57e4453b95d0e021d7987d35,0.15067816525697708,2.0
578d3f7838f0d83d42cf4376,0.1465148702263832,2.0
5a147ad995d0e0246f217e93,0.007695518434047699,2.0
57f2d23595d0e021d7989e02,0.0524161122739315,2.0
57dc7e1f95d0e021d7986c0d,-0.06691759824752808,2.0
57c89bf395d0e021d7983ed0,-0.0013062581419944763,2.0
5784f67438f0d87821c93513,-0.015782341361045837,2.0
5759efad38f0d80f3c48a1f5,-0.02483804151415825,2.0
5756c76f38f0d839b19249dd,0.07103069499135017,2.0
5735c1cd38f0d878c2873148,-0.07153551653027534,2.0
5729004738f0d8018edde01e,-0.049509361386299126,2.0
5719545838f0d80deffe5cab,0.16675925627350807,2.0
5718efb938f0d86899828629,0.0994361862540245,2.0
56fc47ab38f0d83ee3736400,-0.02637382782995701,2.0
56e336d338f0d81b768a6817,-0.03837822936475276,2.0
56e1bb0738f0d87369b23ef4,0.040664028376340866,2.0
56cfba0d38f0d80b98a14c53,-0.04119224101305008,2.0
56a1538e38f0d83189a62c66,-0.046461515128612504,2.0
5632a9ef38f0d8310a2a0603,0.10266207158565521,2.0
5a93dad6410cf7000162df7e,-0.049170324578881264,2.0
5a93dac8410cf7000162df7a,0.10124745219945908,2.0
5a9137bc410cf7000162dbca,0.08035441115498543,2.0
5a9137b8410cf7000162dbc9,0.054647672921419144,2.0
5a90419b410cf7000162d9d0,0.2795318216085434,2.0
5a8fe662410cf7000162d87a,-0.08390872180461884,2.0
5a8fe65f410cf7000162d879,0.07968758791685104,2.0
5a8f285d410cf7000162d6d1,0.2545449733734131,2.0
5a8ef723410cf7000162d641,0.06926760822534561,2.0
5a8eac92410cf7000162d53b,0.01583976484835148,2.0
5a8e94ee410cf7000162d4f0,-0.040960442274808884,2.0
5a8e94cb410cf7000162d4e8,-0.01349487155675888,2.0
5a8d4368410cf7000162d156,-0.032274872064590454,2.0
5a8d4367410cf7000162d155,0.019569899886846542,2.0
5a8d433e410cf7000162d146,-0.054683467373251915,2.0
5a8bf1cc410cf7000162cde0,0.019216593354940414,2.0
5a8bf1c5410cf7000162cdd8,-0.031050611287355423,2.0
5a8ac8ec410cf7000162cbc5,0.04377645440399647,2.0
5a8aa03b410cf7000162cb57,0.2258046567440033,2.0
5a89bf39410cf7000162ca13,0.08826586604118347,2.0
5a87fd39410cf7000162c7ef,0.04093582555651665,2.0
5a86abdb410cf7000162c4ed,-0.008746549487113953,2.0
5a86abd4410cf7000162c4e5,0.07337086275219917,2.0
5a86abd5410cf7000162c4e7,-0.07872360944747925,2.0
5a86abc4410cf7000162c4df,0.06799772381782532,2.0
5a855a53410cf7000162c13c,-0.00450305454432964,2.0
5a855a46410cf7000162c137,0.09970368817448616,2.0
5a8513f4410cf7000162c077,-0.0632452117279172,2.0
5a84a375410cf7000162bf9b,0.21122810244560242,2.0
5a841baf410cf7000162bdc5,0.058680836111307144,2.0
5a8408d4410cf7000162bd77,0.0684373527765274,2.0
5a82b74ad4211f00015c09ab,0.007296241819858551,2.0
5a82b742d4211f00015c09a5,-0.01277848333120346,2.0
5a8165b4d4211f00015c0634,-0.10573595762252808,2.0
5a7ec2c247de81a901208bad,-0.045304665341973305,2.0
5a7d8300d4211f00015c03a9,0.07480444759130478,2.0
5a7c1fc5d4211f00015bff8e,-0.014688702300190927,2.0
5a7c1fc7d4211f00015bff90,-0.012657370418310165,2.0
5a7bd968d4211f00015bfeb5,0.011319765821099281,2.0
5a7b3381d4211f00015bfd03,0.018284901976585388,2.0
5a7ace51d4211f00015bfbad,0.06153492443263531,2.0
5a7ace4dd4211f00015bfbac,0.1777045577764511,2.0
5a797cd0d4211f00015bf820,0.1519436314702034,2.0
5a797cc7d4211f00015bf81d,0.0642705038189888,2.0
5a782b45d4211f00015bf4e5,0.18935132771730423,2.0
5a75cd86d4211f00015bf1de,0.0689624473452568,2.0
5a75883dd4211f00015bf196,0.10049090534448624,2.0
5a75883ed4211f00015bf197,0.10679826326668262,2.0
5a749927d4211f00015beff6,0.18485726416110992,2.0
5a7436d4d4211f00015beee3,0.01944263279438018,2.0
5a7436d3d4211f00015beee1,0.02036014199256897,2.0
5a72e547d4211f00015beb16,0.004522608593106266,2.0
5a72e52bd4211f00015beb09,0.11952141299843788,2.0
5a729ee5d4211f00015bea5e,0.032914575189352036,2.0
5a71fa83d4211f00015be865,0.011609382927417759,2.0
5a71f6dfd4211f00015be730,0.27518315613269806,2.0
5a71f263d4211f00015be5ee,0.07236500084400177,2.0
5a71eedfd4211f00015be489,-0.03235593251883984,2.0
5a71eeffd4211f00015be49f,0.09658365137875077,2.0
5a71ebe7d4211f00015be35b,0.10121426358819008,2.0
5a71ec2fd4211f00015be37b,0.10683215036988258,2.0
5a71ebe6d4211f00015be35a,0.03520575352013111,2.0
5a71ec33d4211f00015be37d,-0.037310097366571426,2.0
5a6ef0b8d4211f00015be042,0.14164891466498375,2.0
5a6c4dbdd4211f00015bdcf6,0.14653857797384262,2.0
5a6afc43d4211f00015bda29,0.1411164551973343,2.0
5a6afc3fd4211f00015bda25,-0.009191101416945457,2.0
5a6afc3cd4211f00015bda20,-0.04080033116042614,2.0
5a6a5375d4211f00015bd8b3,0.06888839043676855,2.0
5a83467ed4211f00015c0b9c,0.3505921699106693,2.0
59d4f1cf95d0e0246f20dfab,0.23360393196344376,2.0
59cc098d95d0e0246f20cbef,0.28811684250831604,2.0
59cb5f4595d0e0246f20c954,0.3334537446498871,2.0
59cb43a895d0e0246f20c903,0.31745490431785583,2.0
59c7bd1795d0e0246f20be6f,0.2720099687576294,2.0
59c55ec495d0e0246f20bb27,0.25672369450330734,2.0
59975dec95d0e0246f2007ab,0.2711063474416733,2.0
59964b2895d0e0246f200520,0.13707765936851501,2.0
594cf4d595d0e025509968b0,0.26174285262823105,2.0
5937bfd495d0e024b5875153,0.30104510486125946,2.0
5937bd1995d0e024b587514c,0.2588812857866287,2.0
5937bb0795d0e024b5875147,0.37092648446559906,2.0
5937b8a195d0e024b587513f,0.3459450304508209,2.0
5937b5af95d0e024b5875135,0.3443206250667572,2.0
5937b36d95d0e024b5875130,0.39023709297180176,2.0
58e455ae95d0e02489b95397,0.015681616961956024,2.0
58d1550f95d0e02489b924c9,0.2789595276117325,2.0
58d14a6195d0e02489b92496,0.28752654790878296,2.0
58d13e1695d0e02489b9246e,0.3426889479160309,2.0
58d13b5f95d0e02489b9245f,0.22369550168514254,2.0
58d133e695d0e02489b9244b,0.1451611891388893,2.0
589bb24e95d0e02474635462,0.21674007922410965,2.0
586fe27095d0e0392607962f,0.1338539943099022,2.0
58520ea295d0e03926076121,0.3438704013824463,2.0
58506a3b95d0e03926075cae,0.37544484436511993,2.0
5850596395d0e03926075c86,0.16339950263500214,2.0
5840a71495d0e03926073953,0.24009327590465546,2.0
5818478895d0e022439c6570,0.3379860818386078,2.0
5806953595d0e022439c3e81,0.027851834893226624,2.0
5800799995d0e022439c3203,0.3431434780359268,2.0
57ed812d95d0e021d7989314,0.3505863547325134,2.0
57ec720295d0e021d7988f99,0.3580856919288635,2.0
57e3215e95d0e021d79879f8,0.28378772735595703,2.0
57d8cd3095d0e021d7986165,0.2661919891834259,2.0
57cf915d95d0e021d7984bb6,0.2941009998321533,2.0
57c7044495d0e021d7983406,0.3470049500465393,2.0
57be817195d0e021d79827fa,0.3181057795882225,2.0
57b65d6595d0e021d798178b,0.3674670085310936,2.0
57b0f0f495d0e021d7980a94,0.3293159604072571,2.0
4fd2b7958eb7c8105d8acb81,0.1667739748954773,2.0
4fd274438eb7c8105d832884,0.14186890795826912,2.0
5a8e94e4410cf7000162d4ee,0.1783485226333141,2.0
5a85bad3410cf7000162c280,0.2775513455271721,2.0
5a855a4b410cf7000162c13a,0.12090112641453743,2.0
5a7c886ed4211f00015c0105,0.3305850103497505,2.0
5a7b14b7d4211f00015bfc91,0.2884066328406334,2.0
5a797cc9d4211f00015bf81e,0.23930599167943,2.0
5a79732ad4211f00015bf7fa,0.3128098100423813,2.0
5a6f4a79d4211f00015be13e,0.26321516185998917,2.0
5a685940d4211f00015bd386,0.04411979764699936,2.0
5a642c7295d0e0110c1a5a8c,0.18788638710975647,2.0
5a629bae95d0e0110c1a5931,0.3190980404615402,2.0
5a5e887f95d0e0110c1a4e05,0.32880789041519165,2.0
5a5922a195d0e0110c1a4509,0.3907603621482849,2.0
5a49897d95d0e0246f21ec33,0.29847532510757446,2.0
5a4644d395d0e0246f21e8b2,0.2711430564522743,2.0
5a3c455c95d0e0246f21db57,0.24721138179302216,2.0
5a38e32c95d0e0246f21d222,0.30369553714990616,2.0
5a33a89a95d0e0246f21c936,0.12177590653300288,2.0
5a25245595d0e0246f21a062,0.3239433690905571,2.0
